Index,Direction,Protein Length,DNA Sequence,Protein Sequence
9857,+,28,ATGGTCGTTTCATTAGGGCAAGTCATGATAATGTTTATGAAGATATTGTTCTTCGACGAGAAAATGTTAAGGGAAGCTACTGGTTAA,MVVSLGQVMIMFMKILFFDEKMLREATG
9881,+,20,ATGATAATGTTTATGAAGATATTGTTCTTCGACGAGAAAATGTTAAGGGAAGCTACTGGTTAA,MIMFMKILFFDEKMLREATG
9887,+,18,ATGTTTATGAAGATATTGTTCTTCGACGAGAAAATGTTAAGGGAAGCTACTGGTTAA,MFMKILFFDEKMLREATG
9893,+,16,ATGAAGATATTGTTCTTCGACGAGAAAATGTTAAGGGAAGCTACTGGTTAA,MKILFFDEKMLREATG
29705,+,19,ATGCTATGGGTGGAGACAATGCCCCTCAAGCTATTGTCGAAGGAGTTAATCAGGCTTTAG,MLWVETMPLKLLSKELIRL
29834,+,19,ATGATCGTGTGTCTATTATCCATACGGATGAAAAAATTAATTCAGATGATGAACCTGTAA,MIVCLLSIRMKKLIQMMNL
29951,+,16,ATGGTAAGGCTGATGCAGTTCTTTCTGCTGGGAATACAGGAGCTTTGCTAG,MVRLMQFFLLGIQELC
30146,+,42,ATGCTATTCTTGGCTCTTTTTATGCTAAGAATGTCAGAGGCGTTGCTCATCCGCGGATTGGTCTACTTAATAATGGTACAGAAACAACTAAAGGAGATCCACTGCGTAAAGAAACCTTTGCTCTTTTAG,MLFLALFMLRMSEALLIRGLVYLIMVQKQLKEIHCVKKPLLF
30167,+,35,ATGCTAAGAATGTCAGAGGCGTTGCTCATCCGCGGATTGGTCTACTTAATAATGGTACAGAAACAACTAAAGGAGATCCACTGCGTAAAGAAACCTTTGCTCTTTTAG,MLRMSEALLIRGLVYLIMVQKQLKEIHCVKKPLLF
30176,+,32,ATGTCAGAGGCGTTGCTCATCCGCGGATTGGTCTACTTAATAATGGTACAGAAACAACTAAAGGAGATCCACTGCGTAAAGAAACCTTTGCTCTTTTAG,MSEALLIRGLVYLIMVQKQLKEIHCVKKPLLF
30218,+,18,ATGGTACAGAAACAACTAAAGGAGATCCACTGCGTAAAGAAACCTTTGCTCTTTTAG,MVQKQLKEIHCVKKPLLF
30196,-,30,ATGAGCAACGCCTCTGACATTCTTAGCATAAAAAGAGCCAAGAATAGCATATTGATGCAAATGATGAGCTGTATTTTCAGCATTAGCTCCTAA,MSNASDILSIKRAKNSILMQMMSCIFSISS
29541,-,28,ATGACAAACTTAGTGATTTTAAATGCCTATCATCAAAAGTGTCTCTTTTTTGAAATTTTCCTTTATTTCATAACTTGTCCCCAGTGA,MTNLVILNAYHQKCLFFEIFLYFITCPQ
29519,-,16,ATGCCTATCATCAAAAGTGTCTCTTTTTTGAAATTTTCCTTTATTTCATAA,MPIIKSVSFLKFSFIS
9870,-,31,ATGAAACGACCATTGGATAGCTTAAAGACTGGTGTTTTTGCCTTATTGGTAATAAGAGACCTAATTTTAAATTTAGAACCAAGTTTTATTTTTTGA,MKRPLDSLKTGVFALLVIRDLILNLEPSFIF
9733,-,32,ATGATAGAGATTCGGATTGGTTGGTATTTTATCAAAAAATGCTATAGGCTTTTTTTCTGTGCTAATAACAAAAATAGGAGTAGAAAAAACAAACATTAA,MIEIRIGWYFIKKCYRLFFCANNKNRSRKNKH
