Index,Direction,Protein Length,DNA Sequence,Protein Sequence,Upstream 120 Bases,Nucleotide Score
9857,+,28,ATGGTCGTTTCATTAGGGCAAGTCATGATAATGTTTATGAAGATATTGTTCTTCGACGAGAAAATGTTAAGGGAAGCTACTGGTTAA,MVVSLGQVMIMFMKILFFDEKMLREATG,TTTCCAGCTTTTCAACTGCTGATTTAACTGGTAAGGTTCAAAAAATAAAACTTGGTTCTAAATTTAAAATTAGGTCTCTTATTACCAATAAGGCAAAAACACCAGTCTTTAAGCTATCCA,26.0
9881,+,20,ATGATAATGTTTATGAAGATATTGTTCTTCGACGAGAAAATGTTAAGGGAAGCTACTGGTTAA,MIMFMKILFFDEKMLREATG,TAACTGGTAAGGTTCAAAAAATAAAACTTGGTTCTAAATTTAAAATTAGGTCTCTTATTACCAATAAGGCAAAAACACCAGTCTTTAAGCTATCCAATGGTCGTTTCATTAGGGCAAGTC,26.0
9887,+,18,ATGTTTATGAAGATATTGTTCTTCGACGAGAAAATGTTAAGGGAAGCTACTGGTTAA,MFMKILFFDEKMLREATG,GTAAGGTTCAAAAAATAAAACTTGGTTCTAAATTTAAAATTAGGTCTCTTATTACCAATAAGGCAAAAACACCAGTCTTTAAGCTATCCAATGGTCGTTTCATTAGGGCAAGTCATGATA,26.0
9893,+,16,ATGAAGATATTGTTCTTCGACGAGAAAATGTTAAGGGAAGCTACTGGTTAA,MKILFFDEKMLREATG,TTCAAAAAATAAAACTTGGTTCTAAATTTAAAATTAGGTCTCTTATTACCAATAAGGCAAAAACACCAGTCTTTAAGCTATCCAATGGTCGTTTCATTAGGGCAAGTCATGATAATGTTT,26.0
9869,-,31,ATGAAACGACCATTGGATAGCTTAAAGACTGGTGTTTTTGCCTTATTGGTAATAAGAGACCTAATTTTAAATTTAGAACCAAGTTTTATTTTTTGA,MKRPLDSLKTGVFALLVIRDLILNLEPSFIF,TTTGTTCCTGCAACATAAGGTGTTTGATAAACGGTAAATGTCTTTTTTAACCAGTAGCTTCCCTTAACATTTTCTCGTCGAAGAACAATATCTTCATAAACATTATCATGACTTGCCCTA,24.6
30146,+,42,ATGCTATTCTTGGCTCTTTTTATGCTAAGAATGTCAGAGGCGTTGCTCATCCGCGGATTGGTCTACTTAATAATGGTACAGAAACAACTAAAGGAGATCCACTGCGTAAAGAAACCTTTGCTCTTTTAG,MLFLALFMLRMSEALLIRGLVYLIMVQKQLKEIHCVKKPLLF,GTATCAAAAATATTGACCGTCCTGGTTTGATGTCATCACTTCCTACGATTGATGGTAAAGGATTTAATATGCTTGATTTAGGAGCTAATGCTGAAAATACAGCTCATCATTTGCATCAAT,22.000000000000007
30167,+,35,ATGCTAAGAATGTCAGAGGCGTTGCTCATCCGCGGATTGGTCTACTTAATAATGGTACAGAAACAACTAAAGGAGATCCACTGCGTAAAGAAACCTTTGCTCTTTTAG,MLRMSEALLIRGLVYLIMVQKQLKEIHCVKKPLLF,CTGGTTTGATGTCATCACTTCCTACGATTGATGGTAAAGGATTTAATATGCTTGATTTAGGAGCTAATGCTGAAAATACAGCTCATCATTTGCATCAATATGCTATTCTTGGCTCTTTTT,22.000000000000007
30176,+,32,ATGTCAGAGGCGTTGCTCATCCGCGGATTGGTCTACTTAATAATGGTACAGAAACAACTAAAGGAGATCCACTGCGTAAAGAAACCTTTGCTCTTTTAG,MSEALLIRGLVYLIMVQKQLKEIHCVKKPLLF,TGTCATCACTTCCTACGATTGATGGTAAAGGATTTAATATGCTTGATTTAGGAGCTAATGCTGAAAATACAGCTCATCATTTGCATCAATATGCTATTCTTGGCTCTTTTTATGCTAAGA,22.000000000000007
30218,+,18,ATGGTACAGAAACAACTAAAGGAGATCCACTGCGTAAAGAAACCTTTGCTCTTTTAG,MVQKQLKEIHCVKKPLLF,TTGATTTAGGAGCTAATGCTGAAAATACAGCTCATCATTTGCATCAATATGCTATTCTTGGCTCTTTTTATGCTAAGAATGTCAGAGGCGTTGCTCATCCGCGGATTGGTCTACTTAATA,22.000000000000007
29951,+,16,ATGGTAAGGCTGATGCAGTTCTTTCTGCTGGGAATACAGGAGCTTTGCTAG,MVRLMQFFLLGIQELC,CAAATGATCGTGTGTCTATTATCCATACGGATGAAAAAATTAATTCAGATGATGAACCTGTAAAGGCTATTCGAAAGAAAAAACAGGCTTCAATGGTTTTAGGAGCACAGGCTGTTAAAG,22.0
30195,-,30,ATGAGCAACGCCTCTGACATTCTTAGCATAAAAAGAGCCAAGAATAGCATATTGATGCAAATGATGAGCTGTATTTTCAGCATTAGCTCCTAA,MSNASDILSIKRAKNSILMQMMSCIFSISS,CGCTTCAACATTTCCTATAAAATTGAGGGTTTCATCTGCTGCTAAAAGAGCAAAGGTTTCTTTACGCAGTGGATCTCCTTTAGTTGTTTCTGTACCATTATTAAGTAGACCAATCCGCGG,21.299999999999997
9732,-,32,ATGATAGAGATTCGGATTGGTTGGTATTTTATCAAAAAATGCTATAGGCTTTTTTTCTGTGCTAATAACAAAAATAGGAGTAGAAAAAACAAACATTAA,MIEIRIGWYFIKKCYRLFFCANNKNRSRKNKH,TAGCTTAAAGACTGGTGTTTTTGCCTTATTGGTAATAAGAGACCTAATTTTAAATTTAGAACCAAGTTTTATTTTTTGAACCTTACCAGTTAAATCAGCAGTTGAAAAGCTGGAAACGTC,21.200000000000003
29540,-,28,ATGACAAACTTAGTGATTTTAAATGCCTATCATCAAAAGTGTCTCTTTTTTGAAATTTTCCTTTATTTCATAACTTGTCCCCAGTGA,MTNLVILNAYHQKCLFFEIFLYFITCPQ,CTTAATTATACCATGAATAAAAGAATCTTAAACGTTACAAAAAAATAACAAATAAACAATTCAGCAAAATTAAGGCTACTTTTTACTAATAATCAATTATTTTAGCATATCATTTTTTTC,21.1
29705,+,19,ATGCTATGGGTGGAGACAATGCCCCTCAAGCTATTGTCGAAGGAGTTAATCAGGCTTTAG,MLWVETMPLKLLSKELIRL,GCCTTAATTTTGCTGAATTGTTTATTTGTTATTTTTTTGTAACGTTTAAGATTCTTTTATTCATGGTATAATTAAGAATAACTATAACGAGGAGTTGGATTATGAAGAAAATTGCAGTTG,21.0
29834,+,19,ATGATCGTGTGTCTATTATCCATACGGATGAAAAAATTAATTCAGATGATGAACCTGTAA,MIVCLLSIRMKKLIQMMNL,GTGGAGACAATGCCCCTCAAGCTATTGTCGAAGGAGTTAATCAGGCTTTAGCAGATTTTTCAGATATTGAAATTCAACTCTATGGTGATGAAGCAAAAATAAAGACTTATTTAAAAGCAA,17.60000000000001
29518,-,16,ATGCCTATCATCAAAAGTGTCTCTTTTTTGAAATTTTCCTTTATTTCATAA,MPIIKSVSFLKFSFIS,GAATCTTAAACGTTACAAAAAAATAACAAATAAACAATTCAGCAAAATTAAGGCTACTTTTTACTAATAATCAATTATTTTAGCATATCATTTTTTTCATGACAAACTTAGTGATTTTAA,16.6
